Sample in Buffer,Sample in Window,TRIGGER,ethernetRxDelay_inst/ethernetPHYdelay[4].dlyVal[4:0],ethernetRxDelay_inst/ethernetPHYdelay[2].dlyVal[4:0],ethernetRxDelay_inst/ethernetPHYdelay[3].dlyVal[4:0],ethernetRxDelay_inst/ethernetPHYdelay[0].dlyVal[4:0],ethernetRxDelay_inst/ethernetPHYdelay[1].dlyVal[4:0]
Radix - UNSIGNED,UNSIGNED,UNSIGNED,UNSIGNED,UNSIGNED,UNSIGNED,UNSIGNED,UNSIGNED
0,0,0,31,31,31,31,31
1,1,0,31,31,31,31,31
2,2,0,31,31,31,31,31
3,3,0,31,31,31,31,31
4,4,0,31,31,31,31,31
5,5,0,31,31,31,31,31
6,6,0,31,31,31,31,31
7,7,0,31,31,31,31,31
8,8,1,31,31,31,31,31
9,9,0,31,31,31,31,31
10,10,0,31,31,31,31,31
11,11,0,31,31,31,31,31
12,12,0,31,31,31,31,31
13,13,0,31,31,31,31,31
14,14,0,31,31,31,31,31
15,15,0,31,31,31,31,31
16,16,0,31,31,31,31,31
17,17,0,31,31,31,31,31
18,18,0,31,31,31,31,31
19,19,0,31,31,31,31,31
20,20,0,31,31,31,31,31
21,21,0,31,31,31,31,31
22,22,0,31,31,31,31,31
23,23,0,31,31,31,31,31
24,24,0,31,31,31,31,31
25,25,0,31,31,31,31,31
26,26,0,31,31,31,31,31
27,27,0,31,31,31,31,31
28,28,0,31,31,31,31,31
29,29,0,31,31,31,31,31
30,30,0,31,31,31,31,31
31,31,0,31,31,31,31,31
32,32,0,31,31,31,31,31
33,33,0,31,31,31,31,31
34,34,0,31,31,31,31,31
35,35,0,31,31,31,31,31
36,36,0,31,31,31,31,31
37,37,0,31,31,31,31,31
38,38,0,31,31,31,31,31
39,39,0,31,31,31,31,31
40,40,0,31,31,31,31,31
41,41,0,31,31,31,31,31
42,42,0,31,31,31,31,31
43,43,0,31,31,31,31,31
44,44,0,31,31,31,31,31
45,45,0,31,31,31,31,31
46,46,0,31,31,31,31,31
47,47,0,31,31,31,31,31
48,48,0,31,31,31,31,31
49,49,0,31,31,31,31,31
50,50,0,31,31,31,31,31
51,51,0,31,31,31,31,31
52,52,0,31,31,31,31,31
53,53,0,31,31,31,31,31
54,54,0,31,31,31,31,31
55,55,0,31,31,31,31,31
56,56,0,31,31,31,31,31
57,57,0,31,31,31,31,31
58,58,0,31,31,31,31,31
59,59,0,31,31,31,31,31
60,60,0,31,31,31,31,31
61,61,0,31,31,31,31,31
62,62,0,31,31,31,31,31
63,63,0,31,31,31,31,31
64,64,0,31,31,31,31,31
65,65,0,31,31,31,31,31
66,66,0,31,31,31,31,31
67,67,0,31,31,31,31,31
68,68,0,31,31,31,31,31
69,69,0,31,31,31,31,31
70,70,0,31,31,31,31,31
71,71,0,31,31,31,31,31
72,72,0,31,31,31,31,31
73,73,0,31,31,31,31,31
74,74,0,31,31,31,31,31
75,75,0,31,31,31,31,31
76,76,0,31,31,31,31,31
77,77,0,31,31,31,31,31
78,78,0,31,31,31,31,31
79,79,0,31,31,31,31,31
80,80,0,31,31,31,31,31
81,81,0,31,31,31,31,31
82,82,0,31,31,31,31,31
83,83,0,31,31,31,31,31
84,84,0,31,31,31,31,31
85,85,0,31,31,31,31,31
86,86,0,31,31,31,31,31
87,87,0,31,31,31,31,31
88,88,0,31,31,31,31,31
89,89,0,31,31,31,31,31
90,90,0,31,31,31,31,31
91,91,0,31,31,31,31,31
92,92,0,31,31,31,31,31
93,93,0,31,31,31,31,31
94,94,0,31,31,31,31,31
95,95,0,31,31,31,31,31
96,96,0,31,31,31,31,31
97,97,0,31,31,31,31,31
98,98,0,31,31,31,31,31
99,99,0,31,31,31,31,31
100,100,0,31,31,31,31,31
101,101,0,31,31,31,31,31
102,102,0,31,31,31,31,31
103,103,0,31,31,31,31,31
104,104,0,31,31,31,31,31
105,105,0,31,31,31,31,31
106,106,0,31,31,31,31,31
107,107,0,31,31,31,31,31
108,108,0,31,31,31,31,31
109,109,0,31,31,31,31,31
110,110,0,31,31,31,31,31
111,111,0,31,31,31,31,31
112,112,0,31,31,31,31,31
113,113,0,31,31,31,31,31
114,114,0,31,31,31,31,31
115,115,0,31,31,31,31,31
116,116,0,31,31,31,31,31
117,117,0,31,31,31,31,31
118,118,0,31,31,31,31,31
119,119,0,31,31,31,31,31
120,120,0,31,31,31,31,31
121,121,0,31,31,31,31,31
122,122,0,31,31,31,31,31
123,123,0,31,31,31,31,31
124,124,0,31,31,31,31,31
125,125,0,31,31,31,31,31
126,126,0,31,31,31,31,31
127,127,0,31,31,31,31,31
128,128,0,31,31,31,31,31
129,129,0,31,31,31,31,31
130,130,0,31,31,31,31,31
131,131,0,31,31,31,31,31
132,132,0,31,31,31,31,31
133,133,0,31,31,31,31,31
134,134,0,31,31,31,31,31
135,135,0,31,31,31,31,31
136,136,0,31,31,31,31,31
137,137,0,31,31,31,31,31
138,138,0,31,31,31,31,31
139,139,0,31,31,31,31,31
140,140,0,31,31,31,31,31
141,141,0,31,31,31,31,31
142,142,0,31,31,31,31,31
143,143,0,31,31,31,31,31
144,144,0,31,31,31,31,31
145,145,0,31,31,31,31,31
146,146,0,31,31,31,31,31
147,147,0,31,31,31,31,31
148,148,0,31,31,31,31,31
149,149,0,31,31,31,31,31
150,150,0,31,31,31,31,31
151,151,0,31,31,31,31,31
152,152,0,31,31,31,31,31
153,153,0,31,31,31,31,31
154,154,0,31,31,31,31,31
155,155,0,31,31,31,31,31
156,156,0,31,31,31,31,31
157,157,0,31,31,31,31,31
158,158,0,31,31,31,31,31
159,159,0,31,31,31,31,31
160,160,0,31,31,31,31,31
161,161,0,31,31,31,31,31
162,162,0,31,31,31,31,31
163,163,0,31,31,31,31,31
164,164,0,31,31,31,31,31
165,165,0,31,31,31,31,31
166,166,0,31,31,31,31,31
167,167,0,31,31,31,31,31
168,168,0,31,31,31,31,31
169,169,0,31,31,31,31,31
170,170,0,31,31,31,31,31
171,171,0,31,31,31,31,31
172,172,0,31,31,31,31,31
173,173,0,31,31,31,31,31
174,174,0,31,31,31,31,31
175,175,0,31,31,31,31,31
176,176,0,31,31,31,31,31
177,177,0,31,31,31,31,31
178,178,0,31,31,31,31,31
179,179,0,31,31,31,31,31
180,180,0,31,31,31,31,31
181,181,0,31,31,31,31,31
182,182,0,31,31,31,31,31
183,183,0,31,31,31,31,31
184,184,0,31,31,31,31,31
185,185,0,31,31,31,31,31
186,186,0,31,31,31,31,31
187,187,0,31,31,31,31,31
188,188,0,31,31,31,31,31
189,189,0,31,31,31,31,31
190,190,0,31,31,31,31,31
191,191,0,31,31,31,31,31
192,192,0,31,31,31,31,31
193,193,0,31,31,31,31,31
194,194,0,31,31,31,31,31
195,195,0,31,31,31,31,31
196,196,0,31,31,31,31,31
197,197,0,31,31,31,31,31
198,198,0,31,31,31,31,31
199,199,0,31,31,31,31,31
200,200,0,31,31,31,31,31
201,201,0,31,31,31,31,31
202,202,0,31,31,31,31,31
203,203,0,31,31,31,31,31
204,204,0,31,31,31,31,31
205,205,0,31,31,31,31,31
206,206,0,31,31,31,31,31
207,207,0,31,31,31,31,31
208,208,0,31,31,31,31,31
209,209,0,31,31,31,31,31
210,210,0,31,31,31,31,31
211,211,0,31,31,31,31,31
212,212,0,31,31,31,31,31
213,213,0,31,31,31,31,31
214,214,0,31,31,31,31,31
215,215,0,31,31,31,31,31
216,216,0,31,31,31,31,31
217,217,0,31,31,31,31,31
218,218,0,31,31,31,31,31
219,219,0,31,31,31,31,31
220,220,0,31,31,31,31,31
221,221,0,31,31,31,31,31
222,222,0,31,31,31,31,31
223,223,0,31,31,31,31,31
224,224,0,31,31,31,31,31
225,225,0,31,31,31,31,31
226,226,0,31,31,31,31,31
227,227,0,31,31,31,31,31
228,228,0,31,31,31,31,31
229,229,0,31,31,31,31,31
230,230,0,31,31,31,31,31
231,231,0,31,31,31,31,31
232,232,0,31,31,31,31,31
233,233,0,31,31,31,31,31
234,234,0,31,31,31,31,31
235,235,0,31,31,31,31,31
236,236,0,31,31,31,31,31
237,237,0,31,31,31,31,31
238,238,0,31,31,31,31,31
239,239,0,31,31,31,31,31
240,240,0,31,31,31,31,31
241,241,0,31,31,31,31,31
242,242,0,31,31,31,31,31
243,243,0,31,31,31,31,31
244,244,0,31,31,31,31,31
245,245,0,31,31,31,31,31
246,246,0,31,31,31,31,31
247,247,0,31,31,31,31,31
248,248,0,31,31,31,31,31
249,249,0,31,31,31,31,31
250,250,0,31,31,31,31,31
251,251,0,31,31,31,31,31
252,252,0,31,31,31,31,31
253,253,0,31,31,31,31,31
254,254,0,31,31,31,31,31
255,255,0,31,31,31,31,31
256,256,0,31,31,31,31,31
257,257,0,31,31,31,31,31
258,258,0,31,31,31,31,31
259,259,0,31,31,31,31,31
260,260,0,31,31,31,31,31
261,261,0,31,31,31,31,31
262,262,0,31,31,31,31,31
263,263,0,31,31,31,31,31
264,264,0,31,31,31,31,31
265,265,0,31,31,31,31,31
266,266,0,31,31,31,31,31
267,267,0,31,31,31,31,31
268,268,0,31,31,31,31,31
269,269,0,31,31,31,31,31
270,270,0,31,31,31,31,31
271,271,0,31,31,31,31,31
272,272,0,31,31,31,31,31
273,273,0,31,31,31,31,31
274,274,0,31,31,31,31,31
275,275,0,31,31,31,31,31
276,276,0,31,31,31,31,31
277,277,0,31,31,31,31,31
278,278,0,31,31,31,31,31
279,279,0,31,31,31,31,31
280,280,0,31,31,31,31,31
281,281,0,31,31,31,31,31
282,282,0,31,31,31,31,31
283,283,0,31,31,31,31,31
284,284,0,31,31,31,31,31
285,285,0,31,31,31,31,31
286,286,0,31,31,31,31,31
287,287,0,31,31,31,31,31
288,288,0,31,31,31,31,31
289,289,0,31,31,31,31,31
290,290,0,31,31,31,31,31
291,291,0,31,31,31,31,31
292,292,0,31,31,31,31,31
293,293,0,31,31,31,31,31
294,294,0,31,31,31,31,31
295,295,0,31,31,31,31,31
296,296,0,31,31,31,31,31
297,297,0,31,31,31,31,31
298,298,0,31,31,31,31,31
299,299,0,31,31,31,31,31
300,300,0,31,31,31,31,31
301,301,0,31,31,31,31,31
302,302,0,31,31,31,31,31
303,303,0,31,31,31,31,31
304,304,0,31,31,31,31,31
305,305,0,31,31,31,31,31
306,306,0,31,31,31,31,31
307,307,0,31,31,31,31,31
308,308,0,31,31,31,31,31
309,309,0,31,31,31,31,31
310,310,0,31,31,31,31,31
311,311,0,31,31,31,31,31
312,312,0,31,31,31,31,31
313,313,0,31,31,31,31,31
314,314,0,31,31,31,31,31
315,315,0,31,31,31,31,31
316,316,0,31,31,31,31,31
317,317,0,31,31,31,31,31
318,318,0,31,31,31,31,31
319,319,0,31,31,31,31,31
320,320,0,31,31,31,31,31
321,321,0,31,31,31,31,31
322,322,0,31,31,31,31,31
323,323,0,31,31,31,31,31
324,324,0,31,31,31,31,31
325,325,0,31,31,31,31,31
326,326,0,31,31,31,31,31
327,327,0,31,31,31,31,31
328,328,0,31,31,31,31,31
329,329,0,31,31,31,31,31
330,330,0,31,31,31,31,31
331,331,0,31,31,31,31,31
332,332,0,31,31,31,31,31
333,333,0,31,31,31,31,31
334,334,0,31,31,31,31,31
335,335,0,31,31,31,31,31
336,336,0,31,31,31,31,31
337,337,0,31,31,31,31,31
338,338,0,31,31,31,31,31
339,339,0,31,31,31,31,31
340,340,0,31,31,31,31,31
341,341,0,31,31,31,31,31
342,342,0,31,31,31,31,31
343,343,0,31,31,31,31,31
344,344,0,31,31,31,31,31
345,345,0,31,31,31,31,31
346,346,0,31,31,31,31,31
347,347,0,31,31,31,31,31
348,348,0,31,31,31,31,31
349,349,0,31,31,31,31,31
350,350,0,31,31,31,31,31
351,351,0,31,31,31,31,31
352,352,0,31,31,31,31,31
353,353,0,31,31,31,31,31
354,354,0,31,31,31,31,31
355,355,0,31,31,31,31,31
356,356,0,31,31,31,31,31
357,357,0,31,31,31,31,31
358,358,0,31,31,31,31,31
359,359,0,31,31,31,31,31
360,360,0,31,31,31,31,31
361,361,0,31,31,31,31,31
362,362,0,31,31,31,31,31
363,363,0,31,31,31,31,31
364,364,0,31,31,31,31,31
365,365,0,31,31,31,31,31
366,366,0,31,31,31,31,31
367,367,0,31,31,31,31,31
368,368,0,31,31,31,31,31
369,369,0,31,31,31,31,31
370,370,0,31,31,31,31,31
371,371,0,31,31,31,31,31
372,372,0,31,31,31,31,31
373,373,0,31,31,31,31,31
374,374,0,31,31,31,31,31
375,375,0,31,31,31,31,31
376,376,0,31,31,31,31,31
377,377,0,31,31,31,31,31
378,378,0,31,31,31,31,31
379,379,0,31,31,31,31,31
380,380,0,31,31,31,31,31
381,381,0,31,31,31,31,31
382,382,0,31,31,31,31,31
383,383,0,31,31,31,31,31
384,384,0,31,31,31,31,31
385,385,0,31,31,31,31,31
386,386,0,31,31,31,31,31
387,387,0,31,31,31,31,31
388,388,0,31,31,31,31,31
389,389,0,31,31,31,31,31
390,390,0,31,31,31,31,31
391,391,0,31,31,31,31,31
392,392,0,31,31,31,31,31
393,393,0,31,31,31,31,31
394,394,0,31,31,31,31,31
395,395,0,31,31,31,31,31
396,396,0,31,31,31,31,31
397,397,0,31,31,31,31,31
398,398,0,31,31,31,31,31
399,399,0,31,31,31,31,31
400,400,0,31,31,31,31,31
401,401,0,31,31,31,31,31
402,402,0,31,31,31,31,31
403,403,0,31,31,31,31,31
404,404,0,31,31,31,31,31
405,405,0,31,31,31,31,31
406,406,0,31,31,31,31,31
407,407,0,31,31,31,31,31
408,408,0,31,31,31,31,31
409,409,0,31,31,31,31,31
410,410,0,31,31,31,31,31
411,411,0,31,31,31,31,31
412,412,0,31,31,31,31,31
413,413,0,31,31,31,31,31
414,414,0,31,31,31,31,31
415,415,0,31,31,31,31,31
416,416,0,31,31,31,31,31
417,417,0,31,31,31,31,31
418,418,0,31,31,31,31,31
419,419,0,31,31,31,31,31
420,420,0,31,31,31,31,31
421,421,0,31,31,31,31,31
422,422,0,31,31,31,31,31
423,423,0,31,31,31,31,31
424,424,0,31,31,31,31,31
425,425,0,31,31,31,31,31
426,426,0,31,31,31,31,31
427,427,0,31,31,31,31,31
428,428,0,31,31,31,31,31
429,429,0,31,31,31,31,31
430,430,0,31,31,31,31,31
431,431,0,31,31,31,31,31
432,432,0,31,31,31,31,31
433,433,0,31,31,31,31,31
434,434,0,31,31,31,31,31
435,435,0,31,31,31,31,31
436,436,0,31,31,31,31,31
437,437,0,31,31,31,31,31
438,438,0,31,31,31,31,31
439,439,0,31,31,31,31,31
440,440,0,31,31,31,31,31
441,441,0,31,31,31,31,31
442,442,0,31,31,31,31,31
443,443,0,31,31,31,31,31
444,444,0,31,31,31,31,31
445,445,0,31,31,31,31,31
446,446,0,31,31,31,31,31
447,447,0,31,31,31,31,31
448,448,0,31,31,31,31,31
449,449,0,31,31,31,31,31
450,450,0,31,31,31,31,31
451,451,0,31,31,31,31,31
452,452,0,31,31,31,31,31
453,453,0,31,31,31,31,31
454,454,0,31,31,31,31,31
455,455,0,31,31,31,31,31
456,456,0,31,31,31,31,31
457,457,0,31,31,31,31,31
458,458,0,31,31,31,31,31
459,459,0,31,31,31,31,31
460,460,0,31,31,31,31,31
461,461,0,31,31,31,31,31
462,462,0,31,31,31,31,31
463,463,0,31,31,31,31,31
464,464,0,31,31,31,31,31
465,465,0,31,31,31,31,31
466,466,0,31,31,31,31,31
467,467,0,31,31,31,31,31
468,468,0,31,31,31,31,31
469,469,0,31,31,31,31,31
470,470,0,31,31,31,31,31
471,471,0,31,31,31,31,31
472,472,0,31,31,31,31,31
473,473,0,31,31,31,31,31
474,474,0,31,31,31,31,31
475,475,0,31,31,31,31,31
476,476,0,31,31,31,31,31
477,477,0,31,31,31,31,31
478,478,0,31,31,31,31,31
479,479,0,31,31,31,31,31
480,480,0,31,31,31,31,31
481,481,0,31,31,31,31,31
482,482,0,31,31,31,31,31
483,483,0,31,31,31,31,31
484,484,0,31,31,31,31,31
485,485,0,31,31,31,31,31
486,486,0,31,31,31,31,31
487,487,0,31,31,31,31,31
488,488,0,31,31,31,31,31
489,489,0,31,31,31,31,31
490,490,0,31,31,31,31,31
491,491,0,31,31,31,31,31
492,492,0,31,31,31,31,31
493,493,0,31,31,31,31,31
494,494,0,31,31,31,31,31
495,495,0,31,31,31,31,31
496,496,0,31,31,31,31,31
497,497,0,31,31,31,31,31
498,498,0,31,31,31,31,31
499,499,0,31,31,31,31,31
500,500,0,31,31,31,31,31
501,501,0,31,31,31,31,31
502,502,0,31,31,31,31,31
503,503,0,31,31,31,31,31
504,504,0,31,31,31,31,31
505,505,0,31,31,31,31,31
506,506,0,31,31,31,31,31
507,507,0,31,31,31,31,31
508,508,0,31,31,31,31,31
509,509,0,31,31,31,31,31
510,510,0,31,31,31,31,31
511,511,0,31,31,31,31,31
512,0,0,31,31,31,31,31
513,1,0,31,31,31,31,31
514,2,0,31,31,31,31,31
515,3,0,31,31,31,31,31
516,4,0,31,31,31,31,31
517,5,0,31,31,31,31,31
518,6,0,31,31,31,31,31
519,7,0,31,31,31,31,31
520,8,1,31,31,31,31,31
521,9,0,31,31,31,31,31
522,10,0,31,31,31,31,31
523,11,0,31,31,31,31,31
524,12,0,31,31,31,31,31
525,13,0,31,31,31,31,31
526,14,0,31,31,31,31,31
527,15,0,31,31,31,31,31
528,16,0,31,31,31,31,31
529,17,0,31,31,31,31,31
530,18,0,31,31,31,31,31
531,19,0,31,31,31,31,31
532,20,0,31,31,31,31,31
533,21,0,31,31,31,31,31
534,22,0,31,31,31,31,31
535,23,0,31,31,31,31,31
536,24,0,31,31,31,31,31
537,25,0,31,31,31,31,31
538,26,0,31,31,31,31,31
539,27,0,31,31,31,31,31
540,28,0,31,31,31,31,31
541,29,0,31,31,31,31,31
542,30,0,31,31,31,31,31
543,31,0,31,31,31,31,31
544,32,0,31,31,31,31,31
545,33,0,31,31,31,31,31
546,34,0,31,31,31,31,31
547,35,0,31,31,31,31,31
548,36,0,31,31,31,31,31
549,37,0,31,31,31,31,31
550,38,0,31,31,31,31,31
551,39,0,31,31,31,31,31
552,40,0,31,31,31,31,31
553,41,0,31,31,31,31,31
554,42,0,31,31,31,31,31
555,43,0,31,31,31,31,31
556,44,0,31,31,31,31,31
557,45,0,31,31,31,31,31
558,46,0,31,31,31,31,31
559,47,0,31,31,31,31,31
560,48,0,31,31,31,31,31
561,49,0,31,31,31,31,31
562,50,0,31,31,31,31,31
563,51,0,31,31,31,31,31
564,52,0,31,31,31,31,31
565,53,0,31,31,31,31,31
566,54,0,31,31,31,31,31
567,55,0,31,31,31,31,31
568,56,0,31,31,31,31,31
569,57,0,31,31,31,31,31
570,58,0,31,31,31,31,31
571,59,0,31,31,31,31,31
572,60,0,31,31,31,31,31
573,61,0,31,31,31,31,31
574,62,0,31,31,31,31,31
575,63,0,31,31,31,31,31
576,64,0,31,31,31,31,31
577,65,0,31,31,31,31,31
578,66,0,31,31,31,31,31
579,67,0,31,31,31,31,31
580,68,0,31,31,31,31,31
581,69,0,31,31,31,31,31
582,70,0,31,31,31,31,31
583,71,0,31,31,31,31,31
584,72,0,31,31,31,31,31
585,73,0,31,31,31,31,31
586,74,0,31,31,31,31,31
587,75,0,31,31,31,31,31
588,76,0,31,31,31,31,31
589,77,0,31,31,31,31,31
590,78,0,31,31,31,31,31
591,79,0,31,31,31,31,31
592,80,0,31,31,31,31,31
593,81,0,31,31,31,31,31
594,82,0,31,31,31,31,31
595,83,0,31,31,31,31,31
596,84,0,31,31,31,31,31
597,85,0,31,31,31,31,31
598,86,0,31,31,31,31,31
599,87,0,31,31,31,31,31
600,88,0,31,31,31,31,31
601,89,0,31,31,31,31,31
602,90,0,31,31,31,31,31
603,91,0,31,31,31,31,31
604,92,0,31,31,31,31,31
605,93,0,31,31,31,31,31
606,94,0,31,31,31,31,31
607,95,0,31,31,31,31,31
608,96,0,31,31,31,31,31
609,97,0,31,31,31,31,31
610,98,0,31,31,31,31,31
611,99,0,31,31,31,31,31
612,100,0,31,31,31,31,31
613,101,0,31,31,31,31,31
614,102,0,31,31,31,31,31
615,103,0,31,31,31,31,31
616,104,0,31,31,31,31,31
617,105,0,31,31,31,31,31
618,106,0,31,31,31,31,31
619,107,0,31,31,31,31,31
620,108,0,31,31,31,31,31
621,109,0,31,31,31,31,31
622,110,0,31,31,31,31,31
623,111,0,31,31,31,31,31
624,112,0,31,31,31,31,31
625,113,0,31,31,31,31,31
626,114,0,31,31,31,31,31
627,115,0,31,31,31,31,31
628,116,0,31,31,31,31,31
629,117,0,31,31,31,31,31
630,118,0,31,31,31,31,31
631,119,0,31,31,31,31,31
632,120,0,31,31,31,31,31
633,121,0,31,31,31,31,31
634,122,0,31,31,31,31,31
635,123,0,31,31,31,31,31
636,124,0,31,31,31,31,31
637,125,0,31,31,31,31,31
638,126,0,31,31,31,31,31
639,127,0,31,31,31,31,31
640,128,0,31,31,31,31,31
641,129,0,31,31,31,31,31
642,130,0,31,31,31,31,31
643,131,0,31,31,31,31,31
644,132,0,31,31,31,31,31
645,133,0,31,31,31,31,31
646,134,0,31,31,31,31,31
647,135,0,31,31,31,31,31
648,136,0,31,31,31,31,31
649,137,0,31,31,31,31,31
650,138,0,31,31,31,31,31
651,139,0,31,31,31,31,31
652,140,0,31,31,31,31,31
653,141,0,31,31,31,31,31
654,142,0,31,31,31,31,31
655,143,0,31,31,31,31,31
656,144,0,31,31,31,31,31
657,145,0,31,31,31,31,31
658,146,0,31,31,31,31,31
659,147,0,31,31,31,31,31
660,148,0,31,31,31,31,31
661,149,0,31,31,31,31,31
662,150,0,31,31,31,31,31
663,151,0,31,31,31,31,31
664,152,0,31,31,31,31,31
665,153,0,31,31,31,31,31
666,154,0,31,31,31,31,31
667,155,0,31,31,31,31,31
668,156,0,31,31,31,31,31
669,157,0,31,31,31,31,31
670,158,0,31,31,31,31,31
671,159,0,31,31,31,31,31
672,160,0,31,31,31,31,31
673,161,0,31,31,31,31,31
674,162,0,31,31,31,31,31
675,163,0,31,31,31,31,31
676,164,0,31,31,31,31,31
677,165,0,31,31,31,31,31
678,166,0,31,31,31,31,31
679,167,0,31,31,31,31,31
680,168,0,31,31,31,31,31
681,169,0,31,31,31,31,31
682,170,0,31,31,31,31,31
683,171,0,31,31,31,31,31
684,172,0,31,31,31,31,31
685,173,0,31,31,31,31,31
686,174,0,31,31,31,31,31
687,175,0,31,31,31,31,31
688,176,0,31,31,31,31,31
689,177,0,31,31,31,31,31
690,178,0,31,31,31,31,31
691,179,0,31,31,31,31,31
692,180,0,31,31,31,31,31
693,181,0,31,31,31,31,31
694,182,0,31,31,31,31,31
695,183,0,31,31,31,31,31
696,184,0,31,31,31,31,31
697,185,0,31,31,31,31,31
698,186,0,31,31,31,31,31
699,187,0,31,31,31,31,31
700,188,0,31,31,31,31,31
701,189,0,31,31,31,31,31
702,190,0,31,31,31,31,31
703,191,0,31,31,31,31,31
704,192,0,31,31,31,31,31
705,193,0,31,31,31,31,31
706,194,0,31,31,31,31,31
707,195,0,31,31,31,31,31
708,196,0,31,31,31,31,31
709,197,0,31,31,31,31,31
710,198,0,31,31,31,31,31
711,199,0,31,31,31,31,31
712,200,0,31,31,31,31,31
713,201,0,31,31,31,31,31
714,202,0,31,31,31,31,31
715,203,0,31,31,31,31,31
716,204,0,31,31,31,31,31
717,205,0,31,31,31,31,31
718,206,0,31,31,31,31,31
719,207,0,31,31,31,31,31
720,208,0,31,31,31,31,31
721,209,0,31,31,31,31,31
722,210,0,31,31,31,31,31
723,211,0,31,31,31,31,31
724,212,0,31,31,31,31,31
725,213,0,31,31,31,31,31
726,214,0,31,31,31,31,31
727,215,0,31,31,31,31,31
728,216,0,31,31,31,31,31
729,217,0,31,31,31,31,31
730,218,0,31,31,31,31,31
731,219,0,31,31,31,31,31
732,220,0,31,31,31,31,31
733,221,0,31,31,31,31,31
734,222,0,31,31,31,31,31
735,223,0,31,31,31,31,31
736,224,0,31,31,31,31,31
737,225,0,31,31,31,31,31
738,226,0,31,31,31,31,31
739,227,0,31,31,31,31,31
740,228,0,31,31,31,31,31
741,229,0,31,31,31,31,31
742,230,0,31,31,31,31,31
743,231,0,31,31,31,31,31
744,232,0,31,31,31,31,31
745,233,0,31,31,31,31,31
746,234,0,31,31,31,31,31
747,235,0,31,31,31,31,31
748,236,0,31,31,31,31,31
749,237,0,31,31,31,31,31
750,238,0,31,31,31,31,31
751,239,0,31,31,31,31,31
752,240,0,31,31,31,31,31
753,241,0,31,31,31,31,31
754,242,0,31,31,31,31,31
755,243,0,31,31,31,31,31
756,244,0,31,31,31,31,31
757,245,0,31,31,31,31,31
758,246,0,31,31,31,31,31
759,247,0,31,31,31,31,31
760,248,0,31,31,31,31,31
761,249,0,31,31,31,31,31
762,250,0,31,31,31,31,31
763,251,0,31,31,31,31,31
764,252,0,31,31,31,31,31
765,253,0,31,31,31,31,31
766,254,0,31,31,31,31,31
767,255,0,31,31,31,31,31
768,256,0,31,31,31,31,31
769,257,0,31,31,31,31,31
770,258,0,31,31,31,31,31
771,259,0,31,31,31,31,31
772,260,0,31,31,31,31,31
773,261,0,31,31,31,31,31
774,262,0,31,31,31,31,31
775,263,0,31,31,31,31,31
776,264,0,31,31,31,31,31
777,265,0,31,31,31,31,31
778,266,0,31,31,31,31,31
779,267,0,31,31,31,31,31
780,268,0,31,31,31,31,31
781,269,0,31,31,31,31,31
782,270,0,31,31,31,31,31
783,271,0,31,31,31,31,31
784,272,0,31,31,31,31,31
785,273,0,31,31,31,31,31
786,274,0,31,31,31,31,31
787,275,0,31,31,31,31,31
788,276,0,31,31,31,31,31
789,277,0,31,31,31,31,31
790,278,0,31,31,31,31,31
791,279,0,31,31,31,31,31
792,280,0,31,31,31,31,31
793,281,0,31,31,31,31,31
794,282,0,31,31,31,31,31
795,283,0,31,31,31,31,31
796,284,0,31,31,31,31,31
797,285,0,31,31,31,31,31
798,286,0,31,31,31,31,31
799,287,0,31,31,31,31,31
800,288,0,31,31,31,31,31
801,289,0,31,31,31,31,31
802,290,0,31,31,31,31,31
803,291,0,31,31,31,31,31
804,292,0,31,31,31,31,31
805,293,0,31,31,31,31,31
806,294,0,31,31,31,31,31
807,295,0,31,31,31,31,31
808,296,0,31,31,31,31,31
809,297,0,31,31,31,31,31
810,298,0,31,31,31,31,31
811,299,0,31,31,31,31,31
812,300,0,31,31,31,31,31
813,301,0,31,31,31,31,31
814,302,0,31,31,31,31,31
815,303,0,31,31,31,31,31
816,304,0,31,31,31,31,31
817,305,0,31,31,31,31,31
818,306,0,31,31,31,31,31
819,307,0,31,31,31,31,31
820,308,0,31,31,31,31,31
821,309,0,31,31,31,31,31
822,310,0,31,31,31,31,31
823,311,0,31,31,31,31,31
824,312,0,31,31,31,31,31
825,313,0,31,31,31,31,31
826,314,0,31,31,31,31,31
827,315,0,31,31,31,31,31
828,316,0,31,31,31,31,31
829,317,0,31,31,31,31,31
830,318,0,31,31,31,31,31
831,319,0,31,31,31,31,31
832,320,0,31,31,31,31,31
833,321,0,31,31,31,31,31
834,322,0,31,31,31,31,31
835,323,0,31,31,31,31,31
836,324,0,31,31,31,31,31
837,325,0,31,31,31,31,31
838,326,0,31,31,31,31,31
839,327,0,31,31,31,31,31
840,328,0,31,31,31,31,31
841,329,0,31,31,31,31,31
842,330,0,31,31,31,31,31
843,331,0,31,31,31,31,31
844,332,0,31,31,31,31,31
845,333,0,31,31,31,31,31
846,334,0,31,31,31,31,31
847,335,0,31,31,31,31,31
848,336,0,31,31,31,31,31
849,337,0,31,31,31,31,31
850,338,0,31,31,31,31,31
851,339,0,31,31,31,31,31
852,340,0,31,31,31,31,31
853,341,0,31,31,31,31,31
854,342,0,31,31,31,31,31
855,343,0,31,31,31,31,31
856,344,0,31,31,31,31,31
857,345,0,31,31,31,31,31
858,346,0,31,31,31,31,31
859,347,0,31,31,31,31,31
860,348,0,31,31,31,31,31
861,349,0,31,31,31,31,31
862,350,0,31,31,31,31,31
863,351,0,31,31,31,31,31
864,352,0,31,31,31,31,31
865,353,0,31,31,31,31,31
866,354,0,31,31,31,31,31
867,355,0,31,31,31,31,31
868,356,0,31,31,31,31,31
869,357,0,31,31,31,31,31
870,358,0,31,31,31,31,31
871,359,0,31,31,31,31,31
872,360,0,31,31,31,31,31
873,361,0,31,31,31,31,31
874,362,0,31,31,31,31,31
875,363,0,31,31,31,31,31
876,364,0,31,31,31,31,31
877,365,0,31,31,31,31,31
878,366,0,31,31,31,31,31
879,367,0,31,31,31,31,31
880,368,0,31,31,31,31,31
881,369,0,31,31,31,31,31
882,370,0,31,31,31,31,31
883,371,0,31,31,31,31,31
884,372,0,31,31,31,31,31
885,373,0,31,31,31,31,31
886,374,0,31,31,31,31,31
887,375,0,31,31,31,31,31
888,376,0,31,31,31,31,31
889,377,0,31,31,31,31,31
890,378,0,31,31,31,31,31
891,379,0,31,31,31,31,31
892,380,0,31,31,31,31,31
893,381,0,31,31,31,31,31
894,382,0,31,31,31,31,31
895,383,0,31,31,31,31,31
896,384,0,31,31,31,31,31
897,385,0,31,31,31,31,31
898,386,0,31,31,31,31,31
899,387,0,31,31,31,31,31
900,388,0,31,31,31,31,31
901,389,0,31,31,31,31,31
902,390,0,31,31,31,31,31
903,391,0,31,31,31,31,31
904,392,0,31,31,31,31,31
905,393,0,31,31,31,31,31
906,394,0,31,31,31,31,31
907,395,0,31,31,31,31,31
908,396,0,31,31,31,31,31
909,397,0,31,31,31,31,31
910,398,0,31,31,31,31,31
911,399,0,31,31,31,31,31
912,400,0,31,31,31,31,31
913,401,0,31,31,31,31,31
914,402,0,31,31,31,31,31
915,403,0,31,31,31,31,31
916,404,0,31,31,31,31,31
917,405,0,31,31,31,31,31
918,406,0,31,31,31,31,31
919,407,0,31,31,31,31,31
920,408,0,31,31,31,31,31
921,409,0,31,31,31,31,31
922,410,0,31,31,31,31,31
923,411,0,31,31,31,31,31
924,412,0,31,31,31,31,31
925,413,0,31,31,31,31,31
926,414,0,31,31,31,31,31
927,415,0,31,31,31,31,31
928,416,0,31,31,31,31,31
929,417,0,31,31,31,31,31
930,418,0,31,31,31,31,31
931,419,0,31,31,31,31,31
932,420,0,31,31,31,31,31
933,421,0,31,31,31,31,31
934,422,0,31,31,31,31,31
935,423,0,31,31,31,31,31
936,424,0,31,31,31,31,31
937,425,0,31,31,31,31,31
938,426,0,31,31,31,31,31
939,427,0,31,31,31,31,31
940,428,0,31,31,31,31,31
941,429,0,31,31,31,31,31
942,430,0,31,31,31,31,31
943,431,0,31,31,31,31,31
944,432,0,31,31,31,31,31
945,433,0,31,31,31,31,31
946,434,0,31,31,31,31,31
947,435,0,31,31,31,31,31
948,436,0,31,31,31,31,31
949,437,0,31,31,31,31,31
950,438,0,31,31,31,31,31
951,439,0,31,31,31,31,31
952,440,0,31,31,31,31,31
953,441,0,31,31,31,31,31
954,442,0,31,31,31,31,31
955,443,0,31,31,31,31,31
956,444,0,31,31,31,31,31
957,445,0,31,31,31,31,31
958,446,0,31,31,31,31,31
959,447,0,31,31,31,31,31
960,448,0,31,31,31,31,31
961,449,0,31,31,31,31,31
962,450,0,31,31,31,31,31
963,451,0,31,31,31,31,31
964,452,0,31,31,31,31,31
965,453,0,31,31,31,31,31
966,454,0,31,31,31,31,31
967,455,0,31,31,31,31,31
968,456,0,31,31,31,31,31
969,457,0,31,31,31,31,31
970,458,0,31,31,31,31,31
971,459,0,31,31,31,31,31
972,460,0,31,31,31,31,31
973,461,0,31,31,31,31,31
974,462,0,31,31,31,31,31
975,463,0,31,31,31,31,31
976,464,0,31,31,31,31,31
977,465,0,31,31,31,31,31
978,466,0,31,31,31,31,31
979,467,0,31,31,31,31,31
980,468,0,31,31,31,31,31
981,469,0,31,31,31,31,31
982,470,0,31,31,31,31,31
983,471,0,31,31,31,31,31
984,472,0,31,31,31,31,31
985,473,0,31,31,31,31,31
986,474,0,31,31,31,31,31
987,475,0,31,31,31,31,31
988,476,0,31,31,31,31,31
989,477,0,31,31,31,31,31
990,478,0,31,31,31,31,31
991,479,0,31,31,31,31,31
992,480,0,31,31,31,31,31
993,481,0,31,31,31,31,31
994,482,0,31,31,31,31,31
995,483,0,31,31,31,31,31
996,484,0,31,31,31,31,31
997,485,0,31,31,31,31,31
998,486,0,31,31,31,31,31
999,487,0,31,31,31,31,31
1000,488,0,31,31,31,31,31
1001,489,0,31,31,31,31,31
1002,490,0,31,31,31,31,31
1003,491,0,31,31,31,31,31
1004,492,0,31,31,31,31,31
1005,493,0,31,31,31,31,31
1006,494,0,31,31,31,31,31
1007,495,0,31,31,31,31,31
1008,496,0,31,31,31,31,31
1009,497,0,31,31,31,31,31
1010,498,0,31,31,31,31,31
1011,499,0,31,31,31,31,31
1012,500,0,31,31,31,31,31
1013,501,0,31,31,31,31,31
1014,502,0,31,31,31,31,31
1015,503,0,31,31,31,31,31
1016,504,0,31,31,31,31,31
1017,505,0,31,31,31,31,31
1018,506,0,31,31,31,31,31
1019,507,0,31,31,31,31,31
1020,508,0,31,31,31,31,31
1021,509,0,31,31,31,31,31
1022,510,0,31,31,31,31,31
1023,511,0,31,31,31,31,31
1024,0,0,31,31,31,31,31
1025,1,0,31,31,31,31,31
1026,2,0,31,31,31,31,31
1027,3,0,31,31,31,31,31
1028,4,0,31,31,31,31,31
1029,5,0,31,31,31,31,31
1030,6,0,31,31,31,31,31
1031,7,0,31,31,31,31,31
1032,8,1,31,31,31,31,31
1033,9,0,31,31,31,31,31
1034,10,0,31,31,31,31,31
1035,11,0,31,31,31,31,31
1036,12,0,31,31,31,31,31
1037,13,0,31,31,31,31,31
1038,14,0,31,31,31,31,31
1039,15,0,31,31,31,31,31
1040,16,0,31,31,31,31,31
1041,17,0,31,31,31,31,31
1042,18,0,31,31,31,31,31
1043,19,0,31,31,31,31,31
1044,20,0,31,31,31,31,31
1045,21,0,31,31,31,31,31
1046,22,0,31,31,31,31,31
1047,23,0,31,31,31,31,31
1048,24,0,31,31,31,31,31
1049,25,0,31,31,31,31,31
1050,26,0,31,31,31,31,31
1051,27,0,31,31,31,31,31
1052,28,0,31,31,31,31,31
1053,29,0,31,31,31,31,31
1054,30,0,31,31,31,31,31
1055,31,0,31,31,31,31,31
1056,32,0,31,31,31,31,31
1057,33,0,31,31,31,31,31
1058,34,0,31,31,31,31,31
1059,35,0,31,31,31,31,31
1060,36,0,31,31,31,31,31
1061,37,0,31,31,31,31,31
1062,38,0,31,31,31,31,31
1063,39,0,31,31,31,31,31
1064,40,0,31,31,31,31,31
1065,41,0,31,31,31,31,31
1066,42,0,31,31,31,31,31
1067,43,0,31,31,31,31,31
1068,44,0,31,31,31,31,31
1069,45,0,31,31,31,31,31
1070,46,0,31,31,31,31,31
1071,47,0,31,31,31,31,31
1072,48,0,31,31,31,31,31
1073,49,0,31,31,31,31,31
1074,50,0,31,31,31,31,31
1075,51,0,31,31,31,31,31
1076,52,0,31,31,31,31,31
1077,53,0,31,31,31,31,31
1078,54,0,31,31,31,31,31
1079,55,0,31,31,31,31,31
1080,56,0,31,31,31,31,31
1081,57,0,31,31,31,31,31
1082,58,0,31,31,31,31,31
1083,59,0,31,31,31,31,31
1084,60,0,31,31,31,31,31
1085,61,0,31,31,31,31,31
1086,62,0,31,31,31,31,31
1087,63,0,31,31,31,31,31
1088,64,0,31,31,31,31,31
1089,65,0,31,31,31,31,31
1090,66,0,31,31,31,31,31
1091,67,0,31,31,31,31,31
1092,68,0,31,31,31,31,31
1093,69,0,31,31,31,31,31
1094,70,0,31,31,31,31,31
1095,71,0,31,31,31,31,31
1096,72,0,31,31,31,31,31
1097,73,0,31,31,31,31,31
1098,74,0,31,31,31,31,31
1099,75,0,31,31,31,31,31
1100,76,0,31,31,31,31,31
1101,77,0,31,31,31,31,31
1102,78,0,31,31,31,31,31
1103,79,0,31,31,31,31,31
1104,80,0,31,31,31,31,31
1105,81,0,31,31,31,31,31
1106,82,0,31,31,31,31,31
1107,83,0,31,31,31,31,31
1108,84,0,31,31,31,31,31
1109,85,0,31,31,31,31,31
1110,86,0,31,31,31,31,31
1111,87,0,31,31,31,31,31
1112,88,0,31,31,31,31,31
1113,89,0,31,31,31,31,31
1114,90,0,31,31,31,31,31
1115,91,0,31,31,31,31,31
1116,92,0,31,31,31,31,31
1117,93,0,31,31,31,31,31
1118,94,0,31,31,31,31,31
1119,95,0,31,31,31,31,31
1120,96,0,31,31,31,31,31
1121,97,0,31,31,31,31,31
1122,98,0,31,31,31,31,31
1123,99,0,31,31,31,31,31
1124,100,0,31,31,31,31,31
1125,101,0,31,31,31,31,31
1126,102,0,31,31,31,31,31
1127,103,0,31,31,31,31,31
1128,104,0,31,31,31,31,31
1129,105,0,31,31,31,31,31
1130,106,0,31,31,31,31,31
1131,107,0,31,31,31,31,31
1132,108,0,31,31,31,31,31
1133,109,0,31,31,31,31,31
1134,110,0,31,31,31,31,31
1135,111,0,31,31,31,31,31
1136,112,0,31,31,31,31,31
1137,113,0,31,31,31,31,31
1138,114,0,31,31,31,31,31
1139,115,0,31,31,31,31,31
1140,116,0,31,31,31,31,31
1141,117,0,31,31,31,31,31
1142,118,0,31,31,31,31,31
1143,119,0,31,31,31,31,31
1144,120,0,31,31,31,31,31
1145,121,0,31,31,31,31,31
1146,122,0,31,31,31,31,31
1147,123,0,31,31,31,31,31
1148,124,0,31,31,31,31,31
1149,125,0,31,31,31,31,31
1150,126,0,31,31,31,31,31
1151,127,0,31,31,31,31,31
1152,128,0,31,31,31,31,31
1153,129,0,31,31,31,31,31
1154,130,0,31,31,31,31,31
1155,131,0,31,31,31,31,31
1156,132,0,31,31,31,31,31
1157,133,0,31,31,31,31,31
1158,134,0,31,31,31,31,31
1159,135,0,31,31,31,31,31
1160,136,0,31,31,31,31,31
1161,137,0,31,31,31,31,31
1162,138,0,31,31,31,31,31
1163,139,0,31,31,31,31,31
1164,140,0,31,31,31,31,31
1165,141,0,31,31,31,31,31
1166,142,0,31,31,31,31,31
1167,143,0,31,31,31,31,31
1168,144,0,31,31,31,31,31
1169,145,0,31,31,31,31,31
1170,146,0,31,31,31,31,31
1171,147,0,31,31,31,31,31
1172,148,0,31,31,31,31,31
1173,149,0,31,31,31,31,31
1174,150,0,31,31,31,31,31
1175,151,0,31,31,31,31,31
1176,152,0,31,31,31,31,31
1177,153,0,31,31,31,31,31
1178,154,0,31,31,31,31,31
1179,155,0,31,31,31,31,31
1180,156,0,31,31,31,31,31
1181,157,0,31,31,31,31,31
1182,158,0,31,31,31,31,31
1183,159,0,31,31,31,31,31
1184,160,0,31,31,31,31,31
1185,161,0,31,31,31,31,31
1186,162,0,31,31,31,31,31
1187,163,0,31,31,31,31,31
1188,164,0,31,31,31,31,31
1189,165,0,31,31,31,31,31
1190,166,0,31,31,31,31,31
1191,167,0,31,31,31,31,31
1192,168,0,31,31,31,31,31
1193,169,0,31,31,31,31,31
1194,170,0,31,31,31,31,31
1195,171,0,31,31,31,31,31
1196,172,0,31,31,31,31,31
1197,173,0,31,31,31,31,31
1198,174,0,31,31,31,31,31
1199,175,0,31,31,31,31,31
1200,176,0,31,31,31,31,31
1201,177,0,31,31,31,31,31
1202,178,0,31,31,31,31,31
1203,179,0,31,31,31,31,31
1204,180,0,31,31,31,31,31
1205,181,0,31,31,31,31,31
1206,182,0,31,31,31,31,31
1207,183,0,31,31,31,31,31
1208,184,0,31,31,31,31,31
1209,185,0,31,31,31,31,31
1210,186,0,31,31,31,31,31
1211,187,0,31,31,31,31,31
1212,188,0,31,31,31,31,31
1213,189,0,31,31,31,31,31
1214,190,0,31,31,31,31,31
1215,191,0,31,31,31,31,31
1216,192,0,31,31,31,31,31
1217,193,0,31,31,31,31,31
1218,194,0,31,31,31,31,31
1219,195,0,31,31,31,31,31
1220,196,0,31,31,31,31,31
1221,197,0,31,31,31,31,31
1222,198,0,31,31,31,31,31
1223,199,0,31,31,31,31,31
1224,200,0,31,31,31,31,31
1225,201,0,31,31,31,31,31
1226,202,0,31,31,31,31,31
1227,203,0,31,31,31,31,31
1228,204,0,31,31,31,31,31
1229,205,0,31,31,31,31,31
1230,206,0,31,31,31,31,31
1231,207,0,31,31,31,31,31
1232,208,0,31,31,31,31,31
1233,209,0,31,31,31,31,31
1234,210,0,31,31,31,31,31
1235,211,0,31,31,31,31,31
1236,212,0,31,31,31,31,31
1237,213,0,31,31,31,31,31
1238,214,0,31,31,31,31,31
1239,215,0,31,31,31,31,31
1240,216,0,31,31,31,31,31
1241,217,0,31,31,31,31,31
1242,218,0,31,31,31,31,31
1243,219,0,31,31,31,31,31
1244,220,0,31,31,31,31,31
1245,221,0,31,31,31,31,31
1246,222,0,31,31,31,31,31
1247,223,0,31,31,31,31,31
1248,224,0,31,31,31,31,31
1249,225,0,31,31,31,31,31
1250,226,0,31,31,31,31,31
1251,227,0,31,31,31,31,31
1252,228,0,31,31,31,31,31
1253,229,0,31,31,31,31,31
1254,230,0,31,31,31,31,31
1255,231,0,31,31,31,31,31
1256,232,0,31,31,31,31,31
1257,233,0,31,31,31,31,31
1258,234,0,31,31,31,31,31
1259,235,0,31,31,31,31,31
1260,236,0,31,31,31,31,31
1261,237,0,31,31,31,31,31
1262,238,0,31,31,31,31,31
1263,239,0,31,31,31,31,31
1264,240,0,31,31,31,31,31
1265,241,0,31,31,31,31,31
1266,242,0,31,31,31,31,31
1267,243,0,31,31,31,31,31
1268,244,0,31,31,31,31,31
1269,245,0,31,31,31,31,31
1270,246,0,31,31,31,31,31
1271,247,0,31,31,31,31,31
1272,248,0,31,31,31,31,31
1273,249,0,31,31,31,31,31
1274,250,0,31,31,31,31,31
1275,251,0,31,31,31,31,31
1276,252,0,31,31,31,31,31
1277,253,0,31,31,31,31,31
1278,254,0,31,31,31,31,31
1279,255,0,31,31,31,31,31
1280,256,0,31,31,31,31,31
1281,257,0,31,31,31,31,31
1282,258,0,31,31,31,31,31
1283,259,0,31,31,31,31,31
1284,260,0,31,31,31,31,31
1285,261,0,31,31,31,31,31
1286,262,0,31,31,31,31,31
1287,263,0,31,31,31,31,31
1288,264,0,31,31,31,31,31
1289,265,0,31,31,31,31,31
1290,266,0,31,31,31,31,31
1291,267,0,31,31,31,31,31
1292,268,0,31,31,31,31,31
1293,269,0,31,31,31,31,31
1294,270,0,31,31,31,31,31
1295,271,0,31,31,31,31,31
1296,272,0,31,31,31,31,31
1297,273,0,31,31,31,31,31
1298,274,0,31,31,31,31,31
1299,275,0,31,31,31,31,31
1300,276,0,31,31,31,31,31
1301,277,0,31,31,31,31,31
1302,278,0,31,31,31,31,31
1303,279,0,31,31,31,31,31
1304,280,0,31,31,31,31,31
1305,281,0,31,31,31,31,31
1306,282,0,31,31,31,31,31
1307,283,0,31,31,31,31,31
1308,284,0,31,31,31,31,31
1309,285,0,31,31,31,31,31
1310,286,0,31,31,31,31,31
1311,287,0,31,31,31,31,31
1312,288,0,31,31,31,31,31
1313,289,0,31,31,31,31,31
1314,290,0,31,31,31,31,31
1315,291,0,31,31,31,31,31
1316,292,0,31,31,31,31,31
1317,293,0,31,31,31,31,31
1318,294,0,31,31,31,31,31
1319,295,0,31,31,31,31,31
1320,296,0,31,31,31,31,31
1321,297,0,31,31,31,31,31
1322,298,0,31,31,31,31,31
1323,299,0,31,31,31,31,31
1324,300,0,31,31,31,31,31
1325,301,0,31,31,31,31,31
1326,302,0,31,31,31,31,31
1327,303,0,31,31,31,31,31
1328,304,0,31,31,31,31,31
1329,305,0,31,31,31,31,31
1330,306,0,31,31,31,31,31
1331,307,0,31,31,31,31,31
1332,308,0,31,31,31,31,31
1333,309,0,31,31,31,31,31
1334,310,0,31,31,31,31,31
1335,311,0,31,31,31,31,31
1336,312,0,31,31,31,31,31
1337,313,0,31,31,31,31,31
1338,314,0,31,31,31,31,31
1339,315,0,31,31,31,31,31
1340,316,0,31,31,31,31,31
1341,317,0,31,31,31,31,31
1342,318,0,31,31,31,31,31
1343,319,0,31,31,31,31,31
1344,320,0,31,31,31,31,31
1345,321,0,31,31,31,31,31
1346,322,0,31,31,31,31,31
1347,323,0,31,31,31,31,31
1348,324,0,31,31,31,31,31
1349,325,0,31,31,31,31,31
1350,326,0,31,31,31,31,31
1351,327,0,31,31,31,31,31
1352,328,0,31,31,31,31,31
1353,329,0,31,31,31,31,31
1354,330,0,31,31,31,31,31
1355,331,0,31,31,31,31,31
1356,332,0,31,31,31,31,31
1357,333,0,31,31,31,31,31
1358,334,0,31,31,31,31,31
1359,335,0,31,31,31,31,31
1360,336,0,31,31,31,31,31
1361,337,0,31,31,31,31,31
1362,338,0,31,31,31,31,31
1363,339,0,31,31,31,31,31
1364,340,0,31,31,31,31,31
1365,341,0,31,31,31,31,31
1366,342,0,31,31,31,31,31
1367,343,0,31,31,31,31,31
1368,344,0,31,31,31,31,31
1369,345,0,31,31,31,31,31
1370,346,0,31,31,31,31,31
1371,347,0,31,31,31,31,31
1372,348,0,31,31,31,31,31
1373,349,0,31,31,31,31,31
1374,350,0,31,31,31,31,31
1375,351,0,31,31,31,31,31
1376,352,0,31,31,31,31,31
1377,353,0,31,31,31,31,31
1378,354,0,31,31,31,31,31
1379,355,0,31,31,31,31,31
1380,356,0,31,31,31,31,31
1381,357,0,31,31,31,31,31
1382,358,0,31,31,31,31,31
1383,359,0,31,31,31,31,31
1384,360,0,31,31,31,31,31
1385,361,0,31,31,31,31,31
1386,362,0,31,31,31,31,31
1387,363,0,31,31,31,31,31
1388,364,0,31,31,31,31,31
1389,365,0,31,31,31,31,31
1390,366,0,31,31,31,31,31
1391,367,0,31,31,31,31,31
1392,368,0,31,31,31,31,31
1393,369,0,31,31,31,31,31
1394,370,0,31,31,31,31,31
1395,371,0,31,31,31,31,31
1396,372,0,31,31,31,31,31
1397,373,0,31,31,31,31,31
1398,374,0,31,31,31,31,31
1399,375,0,31,31,31,31,31
1400,376,0,31,31,31,31,31
1401,377,0,31,31,31,31,31
1402,378,0,31,31,31,31,31
1403,379,0,31,31,31,31,31
1404,380,0,31,31,31,31,31
1405,381,0,31,31,31,31,31
1406,382,0,31,31,31,31,31
1407,383,0,31,31,31,31,31
1408,384,0,31,31,31,31,31
1409,385,0,31,31,31,31,31
1410,386,0,31,31,31,31,31
1411,387,0,31,31,31,31,31
1412,388,0,31,31,31,31,31
1413,389,0,31,31,31,31,31
1414,390,0,31,31,31,31,31
1415,391,0,31,31,31,31,31
1416,392,0,31,31,31,31,31
1417,393,0,31,31,31,31,31
1418,394,0,31,31,31,31,31
1419,395,0,31,31,31,31,31
1420,396,0,31,31,31,31,31
1421,397,0,31,31,31,31,31
1422,398,0,31,31,31,31,31
1423,399,0,31,31,31,31,31
1424,400,0,31,31,31,31,31
1425,401,0,31,31,31,31,31
1426,402,0,31,31,31,31,31
1427,403,0,31,31,31,31,31
1428,404,0,31,31,31,31,31
1429,405,0,31,31,31,31,31
1430,406,0,31,31,31,31,31
1431,407,0,31,31,31,31,31
1432,408,0,31,31,31,31,31
1433,409,0,31,31,31,31,31
1434,410,0,31,31,31,31,31
1435,411,0,31,31,31,31,31
1436,412,0,31,31,31,31,31
1437,413,0,31,31,31,31,31
1438,414,0,31,31,31,31,31
1439,415,0,31,31,31,31,31
1440,416,0,31,31,31,31,31
1441,417,0,31,31,31,31,31
1442,418,0,31,31,31,31,31
1443,419,0,31,31,31,31,31
1444,420,0,31,31,31,31,31
1445,421,0,31,31,31,31,31
1446,422,0,31,31,31,31,31
1447,423,0,31,31,31,31,31
1448,424,0,31,31,31,31,31
1449,425,0,31,31,31,31,31
1450,426,0,31,31,31,31,31
1451,427,0,31,31,31,31,31
1452,428,0,31,31,31,31,31
1453,429,0,31,31,31,31,31
1454,430,0,31,31,31,31,31
1455,431,0,31,31,31,31,31
1456,432,0,31,31,31,31,31
1457,433,0,31,31,31,31,31
1458,434,0,31,31,31,31,31
1459,435,0,31,31,31,31,31
1460,436,0,31,31,31,31,31
1461,437,0,31,31,31,31,31
1462,438,0,31,31,31,31,31
1463,439,0,31,31,31,31,31
1464,440,0,31,31,31,31,31
1465,441,0,31,31,31,31,31
1466,442,0,31,31,31,31,31
1467,443,0,31,31,31,31,31
1468,444,0,31,31,31,31,31
1469,445,0,31,31,31,31,31
1470,446,0,31,31,31,31,31
1471,447,0,31,31,31,31,31
1472,448,0,31,31,31,31,31
1473,449,0,31,31,31,31,31
1474,450,0,31,31,31,31,31
1475,451,0,31,31,31,31,31
1476,452,0,31,31,31,31,31
1477,453,0,31,31,31,31,31
1478,454,0,31,31,31,31,31
1479,455,0,31,31,31,31,31
1480,456,0,31,31,31,31,31
1481,457,0,31,31,31,31,31
1482,458,0,31,31,31,31,31
1483,459,0,31,31,31,31,31
1484,460,0,31,31,31,31,31
1485,461,0,31,31,31,31,31
1486,462,0,31,31,31,31,31
1487,463,0,31,31,31,31,31
1488,464,0,31,31,31,31,31
1489,465,0,31,31,31,31,31
1490,466,0,31,31,31,31,31
1491,467,0,31,31,31,31,31
1492,468,0,31,31,31,31,31
1493,469,0,31,31,31,31,31
1494,470,0,31,31,31,31,31
1495,471,0,31,31,31,31,31
1496,472,0,31,31,31,31,31
1497,473,0,31,31,31,31,31
1498,474,0,31,31,31,31,31
1499,475,0,31,31,31,31,31
1500,476,0,31,31,31,31,31
1501,477,0,31,31,31,31,31
1502,478,0,31,31,31,31,31
1503,479,0,31,31,31,31,31
1504,480,0,31,31,31,31,31
1505,481,0,31,31,31,31,31
1506,482,0,31,31,31,31,31
1507,483,0,31,31,31,31,31
1508,484,0,31,31,31,31,31
1509,485,0,31,31,31,31,31
1510,486,0,31,31,31,31,31
1511,487,0,31,31,31,31,31
1512,488,0,31,31,31,31,31
1513,489,0,31,31,31,31,31
1514,490,0,31,31,31,31,31
1515,491,0,31,31,31,31,31
1516,492,0,31,31,31,31,31
1517,493,0,31,31,31,31,31
1518,494,0,31,31,31,31,31
1519,495,0,31,31,31,31,31
1520,496,0,31,31,31,31,31
1521,497,0,31,31,31,31,31
1522,498,0,31,31,31,31,31
1523,499,0,31,31,31,31,31
1524,500,0,31,31,31,31,31
1525,501,0,31,31,31,31,31
1526,502,0,31,31,31,31,31
1527,503,0,31,31,31,31,31
1528,504,0,31,31,31,31,31
1529,505,0,31,31,31,31,31
1530,506,0,31,31,31,31,31
1531,507,0,31,31,31,31,31
1532,508,0,31,31,31,31,31
1533,509,0,31,31,31,31,31
1534,510,0,31,31,31,31,31
1535,511,0,31,31,31,31,31
1536,0,0,31,31,31,31,31
1537,1,0,31,31,31,31,31
1538,2,0,31,31,31,31,31
1539,3,0,31,31,31,31,31
1540,4,0,31,31,31,31,31
1541,5,0,31,31,31,31,31
1542,6,0,31,31,31,31,31
1543,7,0,31,31,31,31,31
1544,8,1,31,31,31,31,31
1545,9,0,31,31,31,31,31
1546,10,0,31,31,31,31,31
1547,11,0,31,31,31,31,31
1548,12,0,31,31,31,31,31
1549,13,0,31,31,31,31,31
1550,14,0,31,31,31,31,31
1551,15,0,31,31,31,31,31
1552,16,0,31,31,31,31,31
1553,17,0,31,31,31,31,31
1554,18,0,31,31,31,31,31
1555,19,0,31,31,31,31,31
1556,20,0,31,31,31,31,31
1557,21,0,31,31,31,31,31
1558,22,0,31,31,31,31,31
1559,23,0,31,31,31,31,31
1560,24,0,31,31,31,31,31
1561,25,0,31,31,31,31,31
1562,26,0,31,31,31,31,31
1563,27,0,31,31,31,31,31
1564,28,0,31,31,31,31,31
1565,29,0,31,31,31,31,31
1566,30,0,31,31,31,31,31
1567,31,0,31,31,31,31,31
1568,32,0,31,31,31,31,31
1569,33,0,31,31,31,31,31
1570,34,0,31,31,31,31,31
1571,35,0,31,31,31,31,31
1572,36,0,31,31,31,31,31
1573,37,0,31,31,31,31,31
1574,38,0,31,31,31,31,31
1575,39,0,31,31,31,31,31
1576,40,0,31,31,31,31,31
1577,41,0,31,31,31,31,31
1578,42,0,31,31,31,31,31
1579,43,0,31,31,31,31,31
1580,44,0,31,31,31,31,31
1581,45,0,31,31,31,31,31
1582,46,0,31,31,31,31,31
1583,47,0,31,31,31,31,31
1584,48,0,31,31,31,31,31
1585,49,0,31,31,31,31,31
1586,50,0,31,31,31,31,31
1587,51,0,31,31,31,31,31
1588,52,0,31,31,31,31,31
1589,53,0,31,31,31,31,31
1590,54,0,31,31,31,31,31
1591,55,0,31,31,31,31,31
1592,56,0,31,31,31,31,31
1593,57,0,31,31,31,31,31
1594,58,0,31,31,31,31,31
1595,59,0,31,31,31,31,31
1596,60,0,31,31,31,31,31
1597,61,0,31,31,31,31,31
1598,62,0,31,31,31,31,31
1599,63,0,31,31,31,31,31
1600,64,0,31,31,31,31,31
1601,65,0,31,31,31,31,31
1602,66,0,31,31,31,31,31
1603,67,0,31,31,31,31,31
1604,68,0,31,31,31,31,31
1605,69,0,31,31,31,31,31
1606,70,0,31,31,31,31,31
1607,71,0,31,31,31,31,31
1608,72,0,31,31,31,31,31
1609,73,0,31,31,31,31,31
1610,74,0,31,31,31,31,31
1611,75,0,31,31,31,31,31
1612,76,0,31,31,31,31,31
1613,77,0,31,31,31,31,31
1614,78,0,31,31,31,31,31
1615,79,0,31,31,31,31,31
1616,80,0,31,31,31,31,31
1617,81,0,31,31,31,31,31
1618,82,0,31,31,31,31,31
1619,83,0,31,31,31,31,31
1620,84,0,31,31,31,31,31
1621,85,0,31,31,31,31,31
1622,86,0,31,31,31,31,31
1623,87,0,31,31,31,31,31
1624,88,0,31,31,31,31,31
1625,89,0,31,31,31,31,31
1626,90,0,31,31,31,31,31
1627,91,0,31,31,31,31,31
1628,92,0,31,31,31,31,31
1629,93,0,31,31,31,31,31
1630,94,0,31,31,31,31,31
1631,95,0,31,31,31,31,31
1632,96,0,31,31,31,31,31
1633,97,0,31,31,31,31,31
1634,98,0,31,31,31,31,31
1635,99,0,31,31,31,31,31
1636,100,0,31,31,31,31,31
1637,101,0,31,31,31,31,31
1638,102,0,31,31,31,31,31
1639,103,0,31,31,31,31,31
1640,104,0,31,31,31,31,31
1641,105,0,31,31,31,31,31
1642,106,0,31,31,31,31,31
1643,107,0,31,31,31,31,31
1644,108,0,31,31,31,31,31
1645,109,0,31,31,31,31,31
1646,110,0,31,31,31,31,31
1647,111,0,31,31,31,31,31
1648,112,0,31,31,31,31,31
1649,113,0,31,31,31,31,31
1650,114,0,31,31,31,31,31
1651,115,0,31,31,31,31,31
1652,116,0,31,31,31,31,31
1653,117,0,31,31,31,31,31
1654,118,0,31,31,31,31,31
1655,119,0,31,31,31,31,31
1656,120,0,31,31,31,31,31
1657,121,0,31,31,31,31,31
1658,122,0,31,31,31,31,31
1659,123,0,31,31,31,31,31
1660,124,0,31,31,31,31,31
1661,125,0,31,31,31,31,31
1662,126,0,31,31,31,31,31
1663,127,0,31,31,31,31,31
1664,128,0,31,31,31,31,31
1665,129,0,31,31,31,31,31
1666,130,0,31,31,31,31,31
1667,131,0,31,31,31,31,31
1668,132,0,31,31,31,31,31
1669,133,0,31,31,31,31,31
1670,134,0,31,31,31,31,31
1671,135,0,31,31,31,31,31
1672,136,0,31,31,31,31,31
1673,137,0,31,31,31,31,31
1674,138,0,31,31,31,31,31
1675,139,0,31,31,31,31,31
1676,140,0,31,31,31,31,31
1677,141,0,31,31,31,31,31
1678,142,0,31,31,31,31,31
1679,143,0,31,31,31,31,31
1680,144,0,31,31,31,31,31
1681,145,0,31,31,31,31,31
1682,146,0,31,31,31,31,31
1683,147,0,31,31,31,31,31
1684,148,0,31,31,31,31,31
1685,149,0,31,31,31,31,31
1686,150,0,31,31,31,31,31
1687,151,0,31,31,31,31,31
1688,152,0,31,31,31,31,31
1689,153,0,31,31,31,31,31
1690,154,0,31,31,31,31,31
1691,155,0,31,31,31,31,31
1692,156,0,31,31,31,31,31
1693,157,0,31,31,31,31,31
1694,158,0,31,31,31,31,31
1695,159,0,31,31,31,31,31
1696,160,0,31,31,31,31,31
1697,161,0,31,31,31,31,31
1698,162,0,31,31,31,31,31
1699,163,0,31,31,31,31,31
1700,164,0,31,31,31,31,31
1701,165,0,31,31,31,31,31
1702,166,0,31,31,31,31,31
1703,167,0,31,31,31,31,31
1704,168,0,31,31,31,31,31
1705,169,0,31,31,31,31,31
1706,170,0,31,31,31,31,31
1707,171,0,31,31,31,31,31
1708,172,0,31,31,31,31,31
1709,173,0,31,31,31,31,31
1710,174,0,31,31,31,31,31
1711,175,0,31,31,31,31,31
1712,176,0,31,31,31,31,31
1713,177,0,31,31,31,31,31
1714,178,0,31,31,31,31,31
1715,179,0,31,31,31,31,31
1716,180,0,31,31,31,31,31
1717,181,0,31,31,31,31,31
1718,182,0,31,31,31,31,31
1719,183,0,31,31,31,31,31
1720,184,0,31,31,31,31,31
1721,185,0,31,31,31,31,31
1722,186,0,31,31,31,31,31
1723,187,0,31,31,31,31,31
1724,188,0,31,31,31,31,31
1725,189,0,31,31,31,31,31
1726,190,0,31,31,31,31,31
1727,191,0,31,31,31,31,31
1728,192,0,31,31,31,31,31
1729,193,0,31,31,31,31,31
1730,194,0,31,31,31,31,31
1731,195,0,31,31,31,31,31
1732,196,0,31,31,31,31,31
1733,197,0,31,31,31,31,31
1734,198,0,31,31,31,31,31
1735,199,0,31,31,31,31,31
1736,200,0,31,31,31,31,31
1737,201,0,31,31,31,31,31
1738,202,0,31,31,31,31,31
1739,203,0,31,31,31,31,31
1740,204,0,31,31,31,31,31
1741,205,0,31,31,31,31,31
1742,206,0,31,31,31,31,31
1743,207,0,31,31,31,31,31
1744,208,0,31,31,31,31,31
1745,209,0,31,31,31,31,31
1746,210,0,31,31,31,31,31
1747,211,0,31,31,31,31,31
1748,212,0,31,31,31,31,31
1749,213,0,31,31,31,31,31
1750,214,0,31,31,31,31,31
1751,215,0,31,31,31,31,31
1752,216,0,31,31,31,31,31
1753,217,0,31,31,31,31,31
1754,218,0,31,31,31,31,31
1755,219,0,31,31,31,31,31
1756,220,0,31,31,31,31,31
1757,221,0,31,31,31,31,31
1758,222,0,31,31,31,31,31
1759,223,0,31,31,31,31,31
1760,224,0,31,31,31,31,31
1761,225,0,31,31,31,31,31
1762,226,0,31,31,31,31,31
1763,227,0,31,31,31,31,31
1764,228,0,31,31,31,31,31
1765,229,0,31,31,31,31,31
1766,230,0,31,31,31,31,31
1767,231,0,31,31,31,31,31
1768,232,0,31,31,31,31,31
1769,233,0,31,31,31,31,31
1770,234,0,31,31,31,31,31
1771,235,0,31,31,31,31,31
1772,236,0,31,31,31,31,31
1773,237,0,31,31,31,31,31
1774,238,0,31,31,31,31,31
1775,239,0,31,31,31,31,31
1776,240,0,31,31,31,31,31
1777,241,0,31,31,31,31,31
1778,242,0,31,31,31,31,31
1779,243,0,31,31,31,31,31
1780,244,0,31,31,31,31,31
1781,245,0,31,31,31,31,31
1782,246,0,31,31,31,31,31
1783,247,0,31,31,31,31,31
1784,248,0,31,31,31,31,31
1785,249,0,31,31,31,31,31
1786,250,0,31,31,31,31,31
1787,251,0,31,31,31,31,31
1788,252,0,31,31,31,31,31
1789,253,0,31,31,31,31,31
1790,254,0,31,31,31,31,31
1791,255,0,31,31,31,31,31
1792,256,0,31,31,31,31,31
1793,257,0,31,31,31,31,31
1794,258,0,31,31,31,31,31
1795,259,0,31,31,31,31,31
1796,260,0,31,31,31,31,31
1797,261,0,31,31,31,31,31
1798,262,0,31,31,31,31,31
1799,263,0,31,31,31,31,31
1800,264,0,31,31,31,31,31
1801,265,0,31,31,31,31,31
1802,266,0,31,31,31,31,31
1803,267,0,31,31,31,31,31
1804,268,0,31,31,31,31,31
1805,269,0,31,31,31,31,31
1806,270,0,31,31,31,31,31
1807,271,0,31,31,31,31,31
1808,272,0,31,31,31,31,31
1809,273,0,31,31,31,31,31
1810,274,0,31,31,31,31,31
1811,275,0,31,31,31,31,31
1812,276,0,31,31,31,31,31
1813,277,0,31,31,31,31,31
1814,278,0,31,31,31,31,31
1815,279,0,31,31,31,31,31
1816,280,0,31,31,31,31,31
1817,281,0,31,31,31,31,31
1818,282,0,31,31,31,31,31
1819,283,0,31,31,31,31,31
1820,284,0,31,31,31,31,31
1821,285,0,31,31,31,31,31
1822,286,0,31,31,31,31,31
1823,287,0,31,31,31,31,31
1824,288,0,31,31,31,31,31
1825,289,0,31,31,31,31,31
1826,290,0,31,31,31,31,31
1827,291,0,31,31,31,31,31
1828,292,0,31,31,31,31,31
1829,293,0,31,31,31,31,31
1830,294,0,31,31,31,31,31
1831,295,0,31,31,31,31,31
1832,296,0,31,31,31,31,31
1833,297,0,31,31,31,31,31
1834,298,0,31,31,31,31,31
1835,299,0,31,31,31,31,31
1836,300,0,31,31,31,31,31
1837,301,0,31,31,31,31,31
1838,302,0,31,31,31,31,31
1839,303,0,31,31,31,31,31
1840,304,0,31,31,31,31,31
1841,305,0,31,31,31,31,31
1842,306,0,31,31,31,31,31
1843,307,0,31,31,31,31,31
1844,308,0,31,31,31,31,31
1845,309,0,31,31,31,31,31
1846,310,0,31,31,31,31,31
1847,311,0,31,31,31,31,31
1848,312,0,31,31,31,31,31
1849,313,0,31,31,31,31,31
1850,314,0,31,31,31,31,31
1851,315,0,31,31,31,31,31
1852,316,0,31,31,31,31,31
1853,317,0,31,31,31,31,31
1854,318,0,31,31,31,31,31
1855,319,0,31,31,31,31,31
1856,320,0,31,31,31,31,31
1857,321,0,31,31,31,31,31
1858,322,0,31,31,31,31,31
1859,323,0,31,31,31,31,31
1860,324,0,31,31,31,31,31
1861,325,0,31,31,31,31,31
1862,326,0,31,31,31,31,31
1863,327,0,31,31,31,31,31
1864,328,0,31,31,31,31,31
1865,329,0,31,31,31,31,31
1866,330,0,31,31,31,31,31
1867,331,0,31,31,31,31,31
1868,332,0,31,31,31,31,31
1869,333,0,31,31,31,31,31
1870,334,0,31,31,31,31,31
1871,335,0,31,31,31,31,31
1872,336,0,31,31,31,31,31
1873,337,0,31,31,31,31,31
1874,338,0,31,31,31,31,31
1875,339,0,31,31,31,31,31
1876,340,0,31,31,31,31,31
1877,341,0,31,31,31,31,31
1878,342,0,31,31,31,31,31
1879,343,0,31,31,31,31,31
1880,344,0,31,31,31,31,31
1881,345,0,31,31,31,31,31
1882,346,0,31,31,31,31,31
1883,347,0,31,31,31,31,31
1884,348,0,31,31,31,31,31
1885,349,0,31,31,31,31,31
1886,350,0,31,31,31,31,31
1887,351,0,31,31,31,31,31
1888,352,0,31,31,31,31,31
1889,353,0,31,31,31,31,31
1890,354,0,31,31,31,31,31
1891,355,0,31,31,31,31,31
1892,356,0,31,31,31,31,31
1893,357,0,31,31,31,31,31
1894,358,0,31,31,31,31,31
1895,359,0,31,31,31,31,31
1896,360,0,31,31,31,31,31
1897,361,0,31,31,31,31,31
1898,362,0,31,31,31,31,31
1899,363,0,31,31,31,31,31
1900,364,0,31,31,31,31,31
1901,365,0,31,31,31,31,31
1902,366,0,31,31,31,31,31
1903,367,0,31,31,31,31,31
1904,368,0,31,31,31,31,31
1905,369,0,31,31,31,31,31
1906,370,0,31,31,31,31,31
1907,371,0,31,31,31,31,31
1908,372,0,31,31,31,31,31
1909,373,0,31,31,31,31,31
1910,374,0,31,31,31,31,31
1911,375,0,31,31,31,31,31
1912,376,0,31,31,31,31,31
1913,377,0,31,31,31,31,31
1914,378,0,31,31,31,31,31
1915,379,0,31,31,31,31,31
1916,380,0,31,31,31,31,31
1917,381,0,31,31,31,31,31
1918,382,0,31,31,31,31,31
1919,383,0,31,31,31,31,31
1920,384,0,31,31,31,31,31
1921,385,0,31,31,31,31,31
1922,386,0,31,31,31,31,31
1923,387,0,31,31,31,31,31
1924,388,0,31,31,31,31,31
1925,389,0,31,31,31,31,31
1926,390,0,31,31,31,31,31
1927,391,0,31,31,31,31,31
1928,392,0,31,31,31,31,31
1929,393,0,31,31,31,31,31
1930,394,0,31,31,31,31,31
1931,395,0,31,31,31,31,31
1932,396,0,31,31,31,31,31
1933,397,0,31,31,31,31,31
1934,398,0,31,31,31,31,31
1935,399,0,31,31,31,31,31
1936,400,0,31,31,31,31,31
1937,401,0,31,31,31,31,31
1938,402,0,31,31,31,31,31
1939,403,0,31,31,31,31,31
1940,404,0,31,31,31,31,31
1941,405,0,31,31,31,31,31
1942,406,0,31,31,31,31,31
1943,407,0,31,31,31,31,31
1944,408,0,31,31,31,31,31
1945,409,0,31,31,31,31,31
1946,410,0,31,31,31,31,31
1947,411,0,31,31,31,31,31
1948,412,0,31,31,31,31,31
1949,413,0,31,31,31,31,31
1950,414,0,31,31,31,31,31
1951,415,0,31,31,31,31,31
1952,416,0,31,31,31,31,31
1953,417,0,31,31,31,31,31
1954,418,0,31,31,31,31,31
1955,419,0,31,31,31,31,31
1956,420,0,31,31,31,31,31
1957,421,0,31,31,31,31,31
1958,422,0,31,31,31,31,31
1959,423,0,31,31,31,31,31
1960,424,0,31,31,31,31,31
1961,425,0,31,31,31,31,31
1962,426,0,31,31,31,31,31
1963,427,0,31,31,31,31,31
1964,428,0,31,31,31,31,31
1965,429,0,31,31,31,31,31
1966,430,0,31,31,31,31,31
1967,431,0,31,31,31,31,31
1968,432,0,31,31,31,31,31
1969,433,0,31,31,31,31,31
1970,434,0,31,31,31,31,31
1971,435,0,31,31,31,31,31
1972,436,0,31,31,31,31,31
1973,437,0,31,31,31,31,31
1974,438,0,31,31,31,31,31
1975,439,0,31,31,31,31,31
1976,440,0,31,31,31,31,31
1977,441,0,31,31,31,31,31
1978,442,0,31,31,31,31,31
1979,443,0,31,31,31,31,31
1980,444,0,31,31,31,31,31
1981,445,0,31,31,31,31,31
1982,446,0,31,31,31,31,31
1983,447,0,31,31,31,31,31
1984,448,0,31,31,31,31,31
1985,449,0,31,31,31,31,31
1986,450,0,31,31,31,31,31
1987,451,0,31,31,31,31,31
1988,452,0,31,31,31,31,31
1989,453,0,31,31,31,31,31
1990,454,0,31,31,31,31,31
1991,455,0,31,31,31,31,31
1992,456,0,31,31,31,31,31
1993,457,0,31,31,31,31,31
1994,458,0,31,31,31,31,31
1995,459,0,31,31,31,31,31
1996,460,0,31,31,31,31,31
1997,461,0,31,31,31,31,31
1998,462,0,31,31,31,31,31
1999,463,0,31,31,31,31,31
2000,464,0,31,31,31,31,31
2001,465,0,31,31,31,31,31
2002,466,0,31,31,31,31,31
2003,467,0,31,31,31,31,31
2004,468,0,31,31,31,31,31
2005,469,0,31,31,31,31,31
2006,470,0,31,31,31,31,31
2007,471,0,31,31,31,31,31
2008,472,0,31,31,31,31,31
2009,473,0,31,31,31,31,31
2010,474,0,31,31,31,31,31
2011,475,0,31,31,31,31,31
2012,476,0,31,31,31,31,31
2013,477,0,31,31,31,31,31
2014,478,0,31,31,31,31,31
2015,479,0,31,31,31,31,31
2016,480,0,31,31,31,31,31
2017,481,0,31,31,31,31,31
2018,482,0,31,31,31,31,31
2019,483,0,31,31,31,31,31
2020,484,0,31,31,31,31,31
2021,485,0,31,31,31,31,31
2022,486,0,31,31,31,31,31
2023,487,0,31,31,31,31,31
2024,488,0,31,31,31,31,31
2025,489,0,31,31,31,31,31
2026,490,0,31,31,31,31,31
2027,491,0,31,31,31,31,31
2028,492,0,31,31,31,31,31
2029,493,0,31,31,31,31,31
2030,494,0,31,31,31,31,31
2031,495,0,31,31,31,31,31
2032,496,0,31,31,31,31,31
2033,497,0,31,31,31,31,31
2034,498,0,31,31,31,31,31
2035,499,0,31,31,31,31,31
2036,500,0,31,31,31,31,31
2037,501,0,31,31,31,31,31
2038,502,0,31,31,31,31,31
2039,503,0,31,31,31,31,31
2040,504,0,31,31,31,31,31
2041,505,0,31,31,31,31,31
2042,506,0,31,31,31,31,31
2043,507,0,31,31,31,31,31
2044,508,0,31,31,31,31,31
2045,509,0,31,31,31,31,31
2046,510,0,31,31,31,31,31
2047,511,0,31,31,31,31,31
